Designator,Mid X,Mid Y,Layer,Rotation,Ref-X(mm),Ref-Y(mm)
M1,39.159999mm,22.029993mm,Top,0.0,39.159999mm,22.029993mm
U1,49.098401mm,103.458001mm,Top,0.0,49.098401mm,103.458001mm
